tier	protein	mutpos	refaa	altaa	domain	statscore	analogtomut	caddscore	cosmiccount	colcoscount	colnumofresidues	clinvarsig	uniprotsite	phosphosite	uniprotmutagen	hotspot3dann	3d_dom_close	3d_statsig_close	3d_analog_close	3d_uniprotsite_close	3d_pspsite_close	3d_hotspot_close	interfaceposition	contextscore	neutralityscore	entropyscore	alterfrequencyscore	biochemcontext	meanscore
1	EGFR_HUMAN	858	L	R	PK_Tyr_Ser-Thr	H	BRAF_HUMAN;597;L|ABL1_HUMAN;384;L	32.00	2672	2828	128	drug_response	-	-	-	Hotspot	PK_Tyr_Ser-Thr	761;833	EGFR_HUMAN;855|EGFR_HUMAN;763|EGFR_HUMAN;765|EGFR_HUMAN;759|EGFR_HUMAN;761|EGFR_HUMAN;834|EGFR_HUMAN;836|EGFR_HUMAN;860|EGFR_HUMAN;855|EGFR_HUMAN;857|EGFR_HUMAN;758|EGFR_HUMAN;765|EGFR_HUMAN;856|EGFR_HUMAN;834	-	-	833;836;856;857	-	1.000	1.000	0.638	0.431	0.835	0.726
3	EGFR_HUMAN	856	F		PK_Tyr_Ser-Thr	-	ABL1_HUMAN;382;F	29.01	2	79	128	-	-	-	-	Cluster-exclusive	PK_Tyr_Ser-Thr	766;833;838;858	EGFR_HUMAN;855|EGFR_HUMAN;763|EGFR_HUMAN;765|EGFR_HUMAN;766|EGFR_HUMAN;774|EGFR_HUMAN;828|EGFR_HUMAN;834|EGFR_HUMAN;854|EGFR_HUMAN;836|EGFR_HUMAN;766|EGFR_HUMAN;860|EGFR_HUMAN;766|EGFR_HUMAN;842|EGFR_HUMAN;855|EGFR_HUMAN;857|EGFR_HUMAN;858|EGFR_HUMAN;765|EGFR_HUMAN;774|EGFR_HUMAN;838|EGFR_HUMAN;842|EGFR_HUMAN;853|EGFR_HUMAN;858|EGFR_HUMAN;774|EGFR_HUMAN;854|EGFR_HUMAN;834	-	-	833;836;857;858	-	0.750	1.000	0.732	0.000	0.876	0.589
2	EGFR_HUMAN	829	E		PK_Tyr_Ser-Thr	-	ABL1_HUMAN;355;E	31.60	2	75	128	-	-	-	-	-	PK_Tyr_Ser-Thr	833	EGFR_HUMAN;828|EGFR_HUMAN;834|EGFR_HUMAN;831|EGFR_HUMAN;825|EGFR_HUMAN;827|EGFR_HUMAN;892|EGFR_HUMAN;961|EGFR_HUMAN;834	-	-	831;832;833;893	I	0.750	1.000	0.797	0.000	0.701	0.562
1	EGFR_HUMAN	790	T	M	PK_Tyr_Ser-Thr	H,R	ABL1_HUMAN;315;T|KIT_HUMAN;670;T	25.20	444	573	128	drug_response	NP_BIND	-	-	-	PK_Tyr_Ser-Thr	745;766;792	EGFR_HUMAN;766|EGFR_HUMAN;788|EGFR_HUMAN;789|EGFR_HUMAN;777|EGFR_HUMAN;854|EGFR_HUMAN;792|EGFR_HUMAN;766|EGFR_HUMAN;792|EGFR_HUMAN;766|EGFR_HUMAN;741|EGFR_HUMAN;742|EGFR_HUMAN;743|EGFR_HUMAN;745|EGFR_HUMAN;729|EGFR_HUMAN;854	|	745|m1	-	-	0.750	1.000	0.744	0.829	0.767	0.773
2	TF7L2_HUMAN	365	R		HMG_box	-	CIC_HUMAN;215;R	26.96	1	84	50	-	DNA_BIND	-	-	-	HMG_box	-	TF7L2_HUMAN;381	359|DNA_BIND	-	-	-	1.000	1.000	0.740	0.000	0.710	0.613
tier	protein	mutpos	refaa	altaa	domain	statscore	analogtomut	caddscore	cosmiccount	colcoscount	colnumofresidues	clinvarsig	uniprotsite	phosphosite	uniprotmutagen	hotspot3dann	3d_dom_close	3d_statsig_close	3d_analog_close	3d_uniprotsite_close	3d_pspsite_close	3d_hotspot_close	interfaceposition	contextscore	neutralityscore	entropyscore	alterfrequencyscore	biochemcontext	meanscore
1	EGFR_HUMAN	858	L	R	PK_Tyr_Ser-Thr	H	BRAF_HUMAN;597;L|ABL1_HUMAN;384;L	32.00	2672	2828	128	drug_response	-	-	-	Hotspot	PK_Tyr_Ser-Thr	761;833	EGFR_HUMAN;855|EGFR_HUMAN;763|EGFR_HUMAN;765|EGFR_HUMAN;759|EGFR_HUMAN;761|EGFR_HUMAN;834|EGFR_HUMAN;836|EGFR_HUMAN;860|EGFR_HUMAN;855|EGFR_HUMAN;857|EGFR_HUMAN;758|EGFR_HUMAN;765|EGFR_HUMAN;856|EGFR_HUMAN;834	-	-	833;836;856;857	-	1.000	1.000	0.638	0.431	0.835	0.726
3	EGFR_HUMAN	856	F		PK_Tyr_Ser-Thr	-	ABL1_HUMAN;382;F	29.01	2	79	128	-	-	-	-	Cluster-exclusive	PK_Tyr_Ser-Thr	766;833;838;858	EGFR_HUMAN;855|EGFR_HUMAN;763|EGFR_HUMAN;765|EGFR_HUMAN;766|EGFR_HUMAN;774|EGFR_HUMAN;828|EGFR_HUMAN;834|EGFR_HUMAN;854|EGFR_HUMAN;836|EGFR_HUMAN;766|EGFR_HUMAN;860|EGFR_HUMAN;766|EGFR_HUMAN;842|EGFR_HUMAN;855|EGFR_HUMAN;857|EGFR_HUMAN;858|EGFR_HUMAN;765|EGFR_HUMAN;774|EGFR_HUMAN;838|EGFR_HUMAN;842|EGFR_HUMAN;853|EGFR_HUMAN;858|EGFR_HUMAN;774|EGFR_HUMAN;854|EGFR_HUMAN;834	-	-	833;836;857;858	-	0.750	1.000	0.732	0.000	0.876	0.589
2	EGFR_HUMAN	829	E		PK_Tyr_Ser-Thr	-	ABL1_HUMAN;355;E	31.60	2	75	128	-	-	-	-	-	PK_Tyr_Ser-Thr	833	EGFR_HUMAN;828|EGFR_HUMAN;834|EGFR_HUMAN;831|EGFR_HUMAN;825|EGFR_HUMAN;827|EGFR_HUMAN;892|EGFR_HUMAN;961|EGFR_HUMAN;834	-	-	831;832;833;893	I	0.750	1.000	0.797	0.000	0.701	0.562
1	EGFR_HUMAN	790	T	M	PK_Tyr_Ser-Thr	H,R	ABL1_HUMAN;315;T|KIT_HUMAN;670;T	25.20	444	573	128	drug_response	NP_BIND	-	-	-	PK_Tyr_Ser-Thr	745;766;792	EGFR_HUMAN;766|EGFR_HUMAN;788|EGFR_HUMAN;789|EGFR_HUMAN;777|EGFR_HUMAN;854|EGFR_HUMAN;792|EGFR_HUMAN;766|EGFR_HUMAN;792|EGFR_HUMAN;766|EGFR_HUMAN;741|EGFR_HUMAN;742|EGFR_HUMAN;743|EGFR_HUMAN;745|EGFR_HUMAN;729|EGFR_HUMAN;854	|	745|m1	-	-	0.750	1.000	0.744	0.829	0.767	0.773
2	TF7L2_HUMAN	365	R		HMG_box	-	CIC_HUMAN;215;R	26.96	1	84	50	-	DNA_BIND	-	-	-	HMG_box	-	TF7L2_HUMAN;381	359|DNA_BIND	-	-	-	1.000	1.000	0.740	0.000	0.710	0.613
tier	protein	mutpos	refaa	altaa	domain	statscore	analogtomut	caddscore	cosmiccount	colcoscount	colnumofresidues	clinvarsig	uniprotsite	phosphosite	uniprotmutagen	hotspot3dann	3d_dom_close	3d_statsig_close	3d_analog_close	3d_uniprotsite_close	3d_pspsite_close	3d_hotspot_close	interfaceposition	contextscore	neutralityscore	entropyscore	alterfrequencyscore	biochemcontext	meanscore
1	EGFR_HUMAN	858	L	R	PK_Tyr_Ser-Thr	H	BRAF_HUMAN;597;L|ABL1_HUMAN;384;L	32.00	2672	2828	128	drug_response	-	-	-	Hotspot	PK_Tyr_Ser-Thr	761;833	EGFR_HUMAN;855|EGFR_HUMAN;763|EGFR_HUMAN;765|EGFR_HUMAN;759|EGFR_HUMAN;761|EGFR_HUMAN;834|EGFR_HUMAN;836|EGFR_HUMAN;860|EGFR_HUMAN;855|EGFR_HUMAN;857|EGFR_HUMAN;758|EGFR_HUMAN;765|EGFR_HUMAN;856|EGFR_HUMAN;834	-	-	833;836;856;857	-	1.000	1.000	0.638	0.431	0.835	0.726
3	EGFR_HUMAN	856	F		PK_Tyr_Ser-Thr	-	ABL1_HUMAN;382;F	29.01	2	79	128	-	-	-	-	Cluster-exclusive	PK_Tyr_Ser-Thr	766;833;838;858	EGFR_HUMAN;855|EGFR_HUMAN;763|EGFR_HUMAN;765|EGFR_HUMAN;766|EGFR_HUMAN;774|EGFR_HUMAN;828|EGFR_HUMAN;834|EGFR_HUMAN;854|EGFR_HUMAN;836|EGFR_HUMAN;766|EGFR_HUMAN;860|EGFR_HUMAN;766|EGFR_HUMAN;842|EGFR_HUMAN;855|EGFR_HUMAN;857|EGFR_HUMAN;858|EGFR_HUMAN;765|EGFR_HUMAN;774|EGFR_HUMAN;838|EGFR_HUMAN;842|EGFR_HUMAN;853|EGFR_HUMAN;858|EGFR_HUMAN;774|EGFR_HUMAN;854|EGFR_HUMAN;834	-	-	833;836;857;858	-	0.750	1.000	0.732	0.000	0.876	0.589
2	EGFR_HUMAN	829	E		PK_Tyr_Ser-Thr	-	ABL1_HUMAN;355;E	31.60	2	75	128	-	-	-	-	-	PK_Tyr_Ser-Thr	833	EGFR_HUMAN;828|EGFR_HUMAN;834|EGFR_HUMAN;831|EGFR_HUMAN;825|EGFR_HUMAN;827|EGFR_HUMAN;892|EGFR_HUMAN;961|EGFR_HUMAN;834	-	-	831;832;833;893	I	0.750	1.000	0.797	0.000	0.701	0.562
1	EGFR_HUMAN	790	T	M	PK_Tyr_Ser-Thr	H,R	ABL1_HUMAN;315;T|KIT_HUMAN;670;T	25.20	444	573	128	drug_response	NP_BIND	-	-	-	PK_Tyr_Ser-Thr	745;766;792	EGFR_HUMAN;766|EGFR_HUMAN;788|EGFR_HUMAN;789|EGFR_HUMAN;777|EGFR_HUMAN;854|EGFR_HUMAN;792|EGFR_HUMAN;766|EGFR_HUMAN;792|EGFR_HUMAN;766|EGFR_HUMAN;741|EGFR_HUMAN;742|EGFR_HUMAN;743|EGFR_HUMAN;745|EGFR_HUMAN;729|EGFR_HUMAN;854	|	745|m1	-	-	0.750	1.000	0.744	0.829	0.767	0.773
2	TF7L2_HUMAN	365	R		HMG_box	-	CIC_HUMAN;215;R	26.96	1	84	50	-	DNA_BIND	-	-	-	HMG_box	-	TF7L2_HUMAN;381	359|DNA_BIND	-	-	-	1.000	1.000	0.740	0.000	0.710	0.613
tier	protein	mutpos	refaa	altaa	domain	statscore	analogtomut	caddscore	cosmiccount	colcoscount	colnumofresidues	clinvarsig	uniprotsite	phosphosite	uniprotmutagen	hotspot3dann	3d_dom_close	3d_statsig_close	3d_analog_close	3d_uniprotsite_close	3d_pspsite_close	3d_hotspot_close	interfaceposition	contextscore	neutralityscore	entropyscore	alterfrequencyscore	biochemcontext	meanscore
1	EGFR_HUMAN	858	L	R	PK_Tyr_Ser-Thr	H	BRAF_HUMAN;597;L|ABL1_HUMAN;384;L	32.00	2672	2828	128	drug_response	-	-	-	Hotspot	PK_Tyr_Ser-Thr	761;833	EGFR_HUMAN;855|EGFR_HUMAN;763|EGFR_HUMAN;765|EGFR_HUMAN;759|EGFR_HUMAN;761|EGFR_HUMAN;834|EGFR_HUMAN;836|EGFR_HUMAN;860|EGFR_HUMAN;855|EGFR_HUMAN;857|EGFR_HUMAN;758|EGFR_HUMAN;765|EGFR_HUMAN;856|EGFR_HUMAN;834	-	-	833;836;856;857	-	1.000	1.000	0.638	0.431	0.835	0.726
3	EGFR_HUMAN	856	F		PK_Tyr_Ser-Thr	-	ABL1_HUMAN;382;F	29.01	2	79	128	-	-	-	-	Cluster-exclusive	PK_Tyr_Ser-Thr	766;833;838;858	EGFR_HUMAN;855|EGFR_HUMAN;763|EGFR_HUMAN;765|EGFR_HUMAN;766|EGFR_HUMAN;774|EGFR_HUMAN;828|EGFR_HUMAN;834|EGFR_HUMAN;854|EGFR_HUMAN;836|EGFR_HUMAN;766|EGFR_HUMAN;860|EGFR_HUMAN;766|EGFR_HUMAN;842|EGFR_HUMAN;855|EGFR_HUMAN;857|EGFR_HUMAN;858|EGFR_HUMAN;765|EGFR_HUMAN;774|EGFR_HUMAN;838|EGFR_HUMAN;842|EGFR_HUMAN;853|EGFR_HUMAN;858|EGFR_HUMAN;774|EGFR_HUMAN;854|EGFR_HUMAN;834	-	-	833;836;857;858	-	0.750	1.000	0.732	0.000	0.876	0.589
2	EGFR_HUMAN	829	E		PK_Tyr_Ser-Thr	-	ABL1_HUMAN;355;E	31.60	2	75	128	-	-	-	-	-	PK_Tyr_Ser-Thr	833	EGFR_HUMAN;828|EGFR_HUMAN;834|EGFR_HUMAN;831|EGFR_HUMAN;825|EGFR_HUMAN;827|EGFR_HUMAN;892|EGFR_HUMAN;961|EGFR_HUMAN;834	-	-	831;832;833;893	I	0.750	1.000	0.797	0.000	0.701	0.562
1	EGFR_HUMAN	790	T	M	PK_Tyr_Ser-Thr	H,R	ABL1_HUMAN;315;T|KIT_HUMAN;670;T	25.20	444	573	128	drug_response	NP_BIND	-	-	-	PK_Tyr_Ser-Thr	745;766;792	EGFR_HUMAN;766|EGFR_HUMAN;788|EGFR_HUMAN;789|EGFR_HUMAN;777|EGFR_HUMAN;854|EGFR_HUMAN;792|EGFR_HUMAN;766|EGFR_HUMAN;792|EGFR_HUMAN;766|EGFR_HUMAN;741|EGFR_HUMAN;742|EGFR_HUMAN;743|EGFR_HUMAN;745|EGFR_HUMAN;729|EGFR_HUMAN;854	|	745|m1	-	-	0.750	1.000	0.744	0.829	0.767	0.773
2	TF7L2_HUMAN	365	R		HMG_box	-	CIC_HUMAN;215;R	26.96	1	84	50	-	DNA_BIND	-	-	-	HMG_box	-	TF7L2_HUMAN;381	359|DNA_BIND	-	-	-	1.000	1.000	0.740	0.000	0.710	0.613
